I;D
motility_egd_rt;618,0032382
motility_egd_rt;641,5859228
motility_egd_rt;531,5865613
motility_egd_rt;1028,332798
motility_egd_rt;446,4757711
motility_egd_rt;691,3212347
motility_egd_rt;414,0919981
motility_egd_rt;672,6744449
motility_egd_rt;620,5442908
motility_egd_rt;501,2962772
motility_egd_rt;965,5797831
motility_egd_rt;899,7800562
motility_egd_rt;527,4728303
motility_egd_rt;390,6789775
motility_egd_rt;726,0703565
motility_egd_rt;829,5193021
motility_egd_rt;422,206987
motility_egd_rt;1060,358853
motility_egd_rt;1484,053459
motility_egd_rt;653,6572625
motility_egd_rt;529,60973
motility_egd_rt;424,2585962
motility_egd_rt;735,1794822
motility_egd_rt;826,7138068
motility_egd_rt;692,4965096
motility_egd_rt;825,7415325
motility_egd_rt;923,5554009
motility_egd_rt;810,3045051
motility_egd_rt;712,3762346
motility_egd_rt;756,9689555
motility_egd_rt;513,7879964
motility_egd_rt;616,9367734
motility_egd_rt;994,9778538
motility_egd_rt;682,5593243
motility_egd_rt;476,4502758
motility_egd_rt;396,9093767
motility_egd_rt;598,6182186
motility_egd_rt;489,524645
motility_egd_rt;439,6200025
motility_egd_rt;862,7237464
motility_egd_rt;591,8678412
motility_egd_rt;463,3165526
motility_egd_rt;897,1640857
motility_egd_rt;524,1328676
motility_egd_rt;871,9706555
motility_egd_rt;562,1907266
motility_egd_rt;377,0800395
motility_egd_rt;524,4745596
motility_egd_rt;796,7826989
motility_egd_rt;668,0604405
motility_egd_rt;607,8430054
motility_egd_rt;579,7731602
motility_egd_rt;1496,482006
motility_egd_rt;541,3869315
motility_egd_rt;906,4595457
motility_egd_rt;604,1682232
motility_egd_rt;674,2821811
motility_egd_rt;805,1788843
motility_egd_rt;458,0980739
motility_egd_rt;490,2549502
motility_egd_rt;645,8247507
motility_egd_rt;784,0864948
motility_egd_rt;683,685835
motility_egd_rt;734,2788588
motility_egd_rt;720,1559108
motility_egd_rt;519,0762784
motility_egd_rt;693,8539725
motility_egd_rt;805,3394725
motility_egd_rt;463,860321
motility_egd_rt;477,2630918
motility_egd_rt;635,4553078
motility_egd_rt;562,4471968
motility_egd_rt;905,2258884
motility_egd_rt;610,4604515
motility_egd_rt;517,4125105
motility_egd_rt;604,5577356
motility_egd_rt;600,5957247
motility_egd_rt;880,8767569
motility_egd_rt;942,2254727
motility_egd_rt;909,6550541
motility_egd_rt;932,240426
motility_egd_rt;713,0667118
motility_egd_rt;440,6678516
motility_egd_rt;560,4298237
motility_egd_rt;1044,515279
motility_egd_rt;675,4003303
motility_egd_rt;888,9659254
motility_egd_rt;596,6272854
motility_egd_rt;660,4679662
motility_egd_rt;1125,908184
motility_egd_rt;516,8275759
motility_egd_rt;899,7938412
motility_egd_rt;567,8139944
motility_egd_rt;386,9262367
motility_egd_rt;538,9854367
motility_egd_rt;838,7103077
motility_egd_rt;631,025306
motility_egd_rt;934,3085365
motility_egd_rt;534,8748486
motility_egd_rt;741,4431914
motility_egd_rt;453,2469532
motility_egd_rt;670,1960328
motility_egd_rt;469,5064219
motility_egd_rt;793,9209332
motility_egd_rt;1413,41902
motility_egd_rt;784,3899044
motility_egd_rt;539,051104
motility_egd_rt;457,5910814
motility_egd_rt;441,4841333
motility_egd_rt;986,4744933
motility_egd_rt;498,421084
motility_egd_rt;667,8235664
motility_egd_rt;694,0339212
motility_egd_rt;944,9997604
motility_egd_rt;750,5947781
motility_egd_rt;611,2441891
motility_egd_rt;723,287783
motility_egd_rt;556,0018485
motility_egd_rt;743,8401276
motility_egd_rt;713,5656439
motility_egd_rt;656,2575938
motility_egd_rt;672,6709853
motility_egd_rt;861,4234527
motility_egd_rt;593,3374697
motility_egd_rt;432,0175942
motility_egd_rt;844,7228764
motility_egd_rt;441,8692795
motility_egd_rt;862,6626242
motility_egd_rt;578,0978596
motility_egd_rt;1112,282944
motility_egd_rt;873,0771055
motility_egd_rt;724,6019561
motility_egd_rt;507,6936782
motility_egd_rt;639,2327969
motility_egd_rt;856,5571679
motility_egd_rt;809,9501111
motility_egd_rt;704,6993952
motility_egd_rt;978,4835374
motility_egd_rt;641,0702506
motility_egd_rt;425,6991186
motility_egd_rt;575,7040329
motility_egd_rt;894,425454
motility_egd_rt;605,9344717
motility_egd_rt;866,8385646
motility_egd_rt;788,1636878
motility_egd_rt;509,7329583
motility_egd_rt;581,0485838
motility_egd_rt;876,4902646
motility_egd_rt;618,7408686
motility_egd_rt;947,313221
motility_egd_rt;663,2889119
motility_egd_rt;468,9211162
motility_egd_rt;622,267598
motility_egd_rt;516,3027598
motility_egd_rt;396,9481342
motility_egd_rt;402,9795305
motility_egd_rt;1010,834005
motility_egd_rt;980,0273889
motility_egd_rt;514,6097776
motility_egd_rt;474,704709
motility_egd_rt;771,5327251
motility_egd_rt;956,8353942
motility_egd_rt;961,5717836
motility_egd_rt;602,3273225
motility_egd_rt;608,8211972
motility_egd_rt;825,6877597
motility_egd_rt;629,0419204
motility_egd_rt;733,8103171
motility_egd_rt;666,0789595
motility_egd_rt;459,4961789
motility_egd_rt;759,8696207
motility_egd_rt;563,1613403
motility_egd_rt;1049,591213
motility_egd_rt;500,8364744
motility_egd_rt;743,6773961
motility_egd_rt;852,5015022
motility_egd_rt;796,4648879
motility_egd_rt;818,3353662
motility_egd_rt;811,6929707
motility_egd_rt;711,6582425
motility_egd_rt;758,3393298
motility_egd_rt;770,5736027
motility_egd_rt;828,7662902
motility_egd_rt;558,9756972
motility_egd_rt;814,1311431
motility_egd_rt;614,4511556
motility_egd_rt;482,297239
motility_egd_rt;591,3189034
motility_egd_rt;619,9985121
motility_egd_rt;582,6221319
motility_egd_rt;604,8276943
motility_egd_rt;973,3936355
motility_egd_rt;1072,423776
motility_egd_rt;579,2096286
motility_egd_rt;844,7634074
motility_egd_rt;862,5856571
motility_egd_rt;766,0672647
motility_egd_rt;687,1513123
motility_egd_rt;756,8468013
motility_egd_rt;973,7692296
motility_egd_rt;483,5853353
motility_egd_rt;582,5204452
motility_egd_rt;436,865775
motility_egd_rt;709,052594
motility_egd_rt;579,045203
motility_egd_rt;449,7028718
motility_egd_rt;687,961217
motility_egd_rt;503,9119493
motility_egd_rt;833,0408686
motility_egd_rt;724,6244791
motility_egd_rt;1003,671118
motility_egd_rt;909,2247049
motility_egd_rt;965,0755697
motility_egd_rt;690,8964879
motility_egd_rt;980,9511478
motility_egd_rt;842,7893762
motility_egd_rt;541,6009875
motility_egd_rt;733,740399
motility_egd_rt;732,2935701
motility_egd_rt;538,9680834
motility_egd_rt;839,9769284
motility_egd_rt;831,224469
motility_egd_rt;1093,123399
motility_egd_rt;698,6106972
motility_egd_rt;1252,289144
motility_egd_rt;843,5110042
motility_egd_rt;902,1622486
motility_egd_rt;543,2396118
motility_egd_rt;600,1528721
motility_egd_rt;450,0361739
motility_egd_rt;891,0409244
motility_egd_rt;501,8793557
motility_egd_rt;877,1071302
motility_egd_rt;1114,385388
motility_egd_rt;458,6615508
motility_egd_rt;1139,361745
motility_egd_rt;537,064972
motility_egd_rt;961,3471115
motility_egd_rt;539,4353893
motility_egd_rt;674,8489016
motility_egd_rt;625,0477001
motility_egd_rt;594,6036164
motility_egd_rt;701,1913803
motility_egd_rt;109,1054699
motility_egd_rt;1062,127131
motility_egd_rt;1047,066545
motility_egd_rt;734,0867348
motility_egd_rt;506,3579083
motility_egd_rt;487,6692533
motility_egd_rt;1167,004164
motility_egd_rt;670,5015182
motility_egd_rt;616,5875043
motility_egd_rt;454,2286896
motility_egd_rt;507,1505218
motility_egd_rt;775,2975937
motility_egd_rt;848,166467
motility_egd_rt;877,2595725
motility_egd_rt;920,6983844
motility_egd_rt;710,2457222
motility_egd_rt;887,162588
motility_egd_rt;615,5644997
motility_egd_rt;551,0585465
motility_egd_rt;875,6955398
motility_egd_rt;514,0505305
motility_egd_rt;950,5094898
motility_egd_rt;608,3919947
motility_egd_rt;768,277666
motility_egd_rt;615,2012759
motility_egd_rt;544,0857989
motility_egd_rt;749,9946223
motility_egd_rt;699,4551062
motility_egd_rt;883,4842896
motility_egd_rt;1052,594491
motility_egd_rt;805,5028289
motility_egd_rt;716,6030972
motility_egd_rt;694,3704898
motility_egd_rt;832,4658477
motility_egd_rt;899,9471659
motility_egd_rt;1257,189912
motility_egd_rt;845,8602704
motility_egd_rt;567,7255426
motility_egd_rt;1143,378891
motility_egd_rt;367,4544722
motility_egd_rt;969,9800825
motility_egd_rt;740,7809802
motility_egd_rt;1098,729665
motility_egd_rt;876,8448073
motility_egd_rt;605,3930103
motility_egd_rt;779,8299695
motility_egd_rt;718,4876054
motility_egd_rt;913,8940594
motility_egd_rt;955,221444
motility_egd_rt;895,24717
motility_egd_rt;518,7291787
motility_egd_rt;1155,297917
motility_egd_rt;680,1004762
motility_egd_rt;756,0442986
motility_egd_rt;618,2863529
motility_egd_rt;561,9856046
motility_egd_rt;780,6748227
motility_egd_rt;642,3813471
motility_egd_rt;680,6419543
motility_egd_rt;383,5877611
motility_egd_rt;785,0953015
motility_egd_rt;661,2170982
motility_egd_rt;430,232699
motility_egd_rt;605,3436321
motility_egd_rt;1091,498402
motility_egd_rt;882,9708863
motility_egd_rt;963,4839109
motility_egd_rt;850,3581604
motility_egd_rt;556,2383343
motility_egd_rt;712,8702397
motility_egd_rt;852,1536477
motility_egd_rt;981,2940861
motility_egd_rt;608,8166914
motility_egd_rt;590,573088
motility_egd_rt;659,8178445
motility_egd_rt;624,5830521
motility_egd_rt;544,5784175
motility_egd_rt;629,3645681
motility_egd_rt;596,6179231
motility_egd_rt;618,786784
motility_egd_rt;729,8006588
motility_egd_rt;578,5257427
motility_egd_rt;811,3971479
motility_egd_rt;558,7591876
motility_egd_rt;721,9503129
motility_egd_rt;555,071966
motility_egd_rt;779,1534911
motility_egd_rt;930,6031963
motility_egd_rt;703,2612541
motility_egd_rt;793,9485372
motility_egd_rt;990,326633
motility_egd_rt;609,3076658
motility_egd_rt;1297,628529
motility_egd_rt;419,0894287
motility_egd_rt;894,8926484
motility_egd_rt;401,6950303
motility_egd_rt;553,3958744
motility_egd_rt;958,6245816
motility_egd_rt;711,7879328
motility_egd_rt;527,4844925
motility_egd_rt;533,7204086
motility_egd_rt;713,5950248
motility_egd_rt;439,4752369
motility_egd_rt;472,0264363
motility_egd_rt;696,4293787
motility_egd_rt;595,8617282
motility_egd_rt;899,2233121
motility_egd_rt;831,652114
motility_egd_rt;657,2795652
motility_egd_rt;1360,341132
motility_egd_rt;785,7021412
motility_egd_rt;813,991384
motility_egd_rt;1040,11146
motility_egd_rt;611,7662598
motility_egd_rt;396,4511151
motility_egd_rt;982,072949
motility_egd_rt;898,7412714
motility_egd_rt;684,9290408
motility_egd_rt;781,572703
motility_egd_rt;538,7272203
motility_egd_rt;878,1096444
motility_egd_rt;425,9103952
motility_egd_rt;517,7563247
motility_egd_rt;976,9799087
motility_egd_rt;568,2073654
motility_egd_rt;847,743382
motility_egd_rt;662,6218906
motility_egd_rt;1026,535288
motility_egd_rt;579,2923017
motility_egd_rt;2265,040748
motility_egd_rt;837,5346449
motility_egd_rt;919,5348867
motility_egd_rt;849,8585724
motility_egd_rt;821,5148202
motility_egd_rt;903,3322706
motility_egd_rt;764,0021556
motility_egd_rt;877,1403672
motility_egd_rt;441,1736187
motility_egd_rt;613,2417626
motility_egd_rt;627,8431606
motility_egd_rt;491,0383285
motility_egd_rt;621,4636009
motility_egd_rt;650,678717
motility_egd_rt;729,1691176
motility_egd_rt;518,0842813
motility_egd_rt;528,4683069
motility_egd_rt;746,0281307
motility_egd_rt;598,9865019
motility_egd_rt;851,0907124
motility_egd_rt;586,5291703
motility_egd_rt;827,8916209
motility_egd_rt;1159,829336
motility_egd_rt;531,3768066
motility_egd_rt;710,3049907
motility_egd_rt;446,9292327
motility_egd_rt;681,1522954
motility_egd_rt;851,097055
motility_egd_rt;646,5549266
motility_egd_rt;739,1211464
motility_egd_rt;696,1796114
motility_egd_rt;507,4002315
motility_egd_rt;843,0592565
motility_egd_rt;848,5219613
motility_egd_rt;422,9973541
motility_egd_rt;578,3412674
motility_egd_rt;1346,459301
motility_egd_rt;1011,167439
motility_egd_rt;567,4701562
motility_egd_rt;716,7377577
motility_egd_rt;489,0722103
motility_egd_rt;712,4336243
motility_egd_rt;987,3863992
motility_egd_rt;689,5460479
motility_egd_rt;778,8341317
motility_egd_rt;640,1940331
motility_egd_rt;727,7785673
motility_egd_rt;943,6353715
motility_egd_rt;650,713186
motility_egd_rt;1359,994922
motility_egd_rt;671,249846
motility_egd_rt;746,3468786
motility_egd_rt;817,1590236
motility_egd_rt;395,8625492
motility_egd_rt;986,4765461
motility_egd_rt;782,0031645
motility_egd_rt;726,2911526
motility_egd_rt;383,3880017
motility_egd_rt;843,7833049
motility_egd_rt;587,1870249
motility_egd_rt;760,7496555
motility_egd_rt;1240,261026
motility_egd_rt;926,6306194
motility_egd_rt;410,7466899
motility_egd_rt;385,0049448
motility_egd_rt;627,6250692
motility_egd_rt;715,452636
motility_egd_rt;711,0678141
motility_egd_rt;686,2224561
motility_egd_rt;963,0900955
motility_egd_rt;623,1313253
motility_egd_rt;440,1624703
motility_egd_rt;873,2187679
motility_egd_rt;679,033724
motility_egd_rt;783,9477376
motility_egd_rt;884,0728936
motility_egd_rt;978,2505586
motility_egd_rt;544,0648242
motility_egd_rt;592,4191827
motility_egd_rt;716,5806221
motility_egd_rt;533,1370921
motility_egd_rt;458,1164832
motility_egd_rt;694,0044682
motility_egd_rt;487,4030766
motility_egd_rt;659,6334307
motility_egd_rt;764,5175542
motility_egd_rt;1040,73174
motility_egd_rt;936,0233653
motility_egd_rt;880,4372277
motility_egd_rt;837,1056452
motility_egd_rt;477,1023164
motility_egd_rt;407,2673845
motility_egd_rt;800,0755982
motility_egd_rt;902,2724244
motility_egd_rt;970,9598287
motility_egd_rt;1110,305762
motility_egd_rt;414,476183
motility_egd_rt;898,0009768
motility_egd_rt;849,3197933
motility_egd_rt;603,1484469
motility_egd_rt;712,4541185
motility_egd_rt;1111,707938
motility_egd_rt;956,7657775
motility_egd_rt;709,1404009
motility_egd_rt;541,4714832
motility_egd_rt;1092,133461
motility_egd_rt;729,6140102
motility_egd_rt;887,7701081
motility_egd_rt;800,3879407
motility_egd_rt;424,2273636
motility_egd_rt;830,8910314
motility_egd_rt;743,733226
motility_egd_rt;587,2269021
motility_egd_rt;1062,566052
motility_egd_rt;778,4943916
motility_egd_rt;749,6348027
motility_egd_rt;992,0499193
motility_egd_rt;839,0627997
motility_egd_rt;653,5925091
motility_egd_rt;607,0806435
motility_egd_rt;715,3969538
motility_egd_rt;917,2679387
motility_egd_rt;923,8360421
motility_egd_rt;1301,907643
motility_egd_rt;778,080591
motility_egd_rt;1043,808864
motility_egd_rt;525,4950043
motility_egd_rt;814,764303
motility_egd_rt;778,4500661
motility_egd_rt;901,2048894
motility_egd_rt;981,6949819
motility_egd_rt;595,7765926
motility_egd_rt;1230,075085
motility_egd_rt;1270,713794
motility_egd_rt;699,2551959
motility_egd_rt;743,6111553
motility_egd_rt;773,8484495
motility_egd_rt;402,4695072
motility_egd_rt;684,7999264
motility_egd_rt;839,5223823
motility_egd_rt;945,8935612
motility_egd_rt;862,1096629
motility_egd_rt;402,7242596
motility_egd_rt;945,2272884
motility_egd_rt;659,8857068
motility_egd_rt;771,7560584
motility_egd_rt;598,4563421
motility_egd_rt;1426,012519
motility_egd_rt;422,7429142
motility_egd_rt;737,3354712
motility_egd_rt;1001,616559
motility_egd_rt;874,8357804
motility_egd_rt;1229,275412
motility_egd_rt;753,1312385
motility_egd_rt;865,7619162
motility_egd_rt;409,3217147
motility_egd_rt;837,6398935
motility_egd_rt;559,0788622
motility_egd_rt;894,5444307
motility_egd_rt;786,3591045
motility_egd_rt;946,0094421
motility_egd_rt;670,0089275
motility_egd_rt;658,0455126
motility_egd_rt;464,8859507
motility_egd_rt;307,3108947
motility_egd_rt;524,7955754
motility_egd_rt;585,3168994
motility_egd_rt;701,8899864
motility_egd_rt;385,9451454
motility_egd_rt;810,8949284
motility_egd_rt;685,6009055
motility_egd_rt;666,6815541
motility_egd_rt;778,9108511
motility_egd_rt;573,0910464
motility_egd_rt;440,4799276
motility_egd_rt;808,4476554
motility_egd_rt;714,5189361
motility_egd_rt;445,9777786
motility_egd_rt;497,8673864
motility_egd_rt;1392,7081
motility_egd_rt;807,6354227
motility_egd_rt;544,3240055
motility_egd_rt;424,5477153
motility_egd_rt;550,395431
motility_egd_rt;833,0710913
motility_egd_rt;634,9888301
motility_egd_rt;967,678996
motility_egd_rt;853,8795766
motility_egd_rt;1021,852231
motility_egd_rt;734,598036
motility_egd_rt;574,8564258
motility_egd_rt;541,815004
motility_egd_rt;590,5927211
motility_egd_rt;570,0868749
motility_egd_rt;404,7431559
motility_egd_rt;885,5178281
motility_egd_rt;501,4229696
motility_egd_rt;1158,261665
motility_egd_rt;798,8487255
motility_egd_rt;1112,727201
motility_egd_rt;379,5644378
motility_egd_rt;494,1796643
motility_egd_rt;870,7987476
motility_egd_rt;523,5749094
motility_egd_rt;530,2438199
motility_egd_rt;430,6472856
motility_egd_rt;853,4953939
motility_egd_rt;848,2146124
motility_egd_rt;724,3473702
motility_egd_rt;1237,298031
motility_egd_rt;1323,494847
motility_egd_rt;636,8296563
motility_egd_rt;409,0450104
motility_egd_rt;518,9648141
motility_egd_rt;587,9283277
motility_egd_rt;888,5370312
motility_egd_rt;515,6517651
motility_egd_rt;916,0198176
motility_egd_rt;1269,089756
motility_egd_rt;573,4882115
motility_egd_rt;687,0345463
motility_egd_rt;658,9068987
motility_egd_rt;849,8783257
motility_egd_rt;716,739558
motility_egd_rt;653,2533818
motility_egd_rt;868,6210994
motility_egd_rt;893,2402697
motility_egd_rt;1034,743501
motility_egd_rt;854,8681914
motility_egd_rt;1144,839895
motility_egd_rt;549,7270441
motility_egd_rt;778,0583934
motility_egd_rt;882,2184863
motility_egd_rt;532,0830091
motility_egd_rt;708,7034328
motility_egd_rt;834,1065976
motility_egd_rt;713,6747544
motility_egd_rt;825,2654093
motility_egd_rt;751,3090734
motility_egd_rt;834,4482013
motility_egd_rt;944,8559533
motility_egd_rt;677,2448712
motility_egd_rt;763,1276519
motility_egd_rt;883,6027804
motility_egd_rt;733,8797714
motility_egd_rt;378,6435029
motility_egd_rt;591,9419442
motility_egd_rt;713,9998571
motility_egd_rt;920,1250065
motility_egd_rt;715,4820764
motility_egd_rt;630,2922721
motility_egd_rt;941,7859793
motility_egd_rt;616,3603527
motility_egd_rt;923,6378315
motility_egd_rt;1018,25802
motility_egd_rt;907,0982965
motility_egd_rt;904,1718776
motility_egd_rt;523,9296383
motility_egd_rt;483,9444889
motility_egd_rt;659,7234044
motility_egd_rt;574,48349
motility_egd_rt;561,0462932
motility_egd_rt;634,2682676
motility_egd_rt;1347,240998
motility_egd_rt;527,3944099
motility_egd_rt;652,3641282
motility_egd_rt;938,0842481
motility_egd_rt;644,5524923
motility_egd_rt;623,9187893
motility_egd_rt;577,8729287
motility_egd_rt;798,4008609
motility_egd_rt;1032,495602
motility_egd_rt;658,2060078
motility_egd_rt;985,2537861
motility_egd_rt;464,4148536
motility_egd_rt;944,6600355
motility_egd_rt;657,6175188
motility_egd_rt;779,8023845
motility_egd_rt;635,2784212
motility_egd_rt;739,1613945
motility_egd_rt;1547,370042
motility_egd_rt;665,8236599
motility_egd_rt;657,6089235
motility_egd_rt;374,7574218
motility_egd_rt;872,5943662
motility_egd_rt;520,4188178
motility_egd_rt;565,0844341
motility_egd_rt;1030,835489
motility_egd_rt;1033,062191
motility_egd_rt;756,5336468
motility_egd_rt;435,763757
motility_egd_rt;796,9930727
motility_egd_rt;464,6120477
motility_egd_rt;593,7744763
motility_egd_rt;687,7849046
motility_egd_rt;888,5985239
motility_egd_rt;476,4449609
motility_egd_rt;378,5596342
motility_egd_rt;805,3130964
motility_egd_rt;591,887261
motility_egd_rt;1402,024771
motility_egd_rt;729,3818593
motility_egd_rt;616,6822541
motility_egd_rt;631,284013
motility_egd_rt;764,1581638
motility_egd_rt;752,5622917
motility_egd_rt;668,1268011
motility_egd_rt;697,9932003
motility_egd_rt;806,8380341
motility_egd_rt;807,1615779
motility_egd_rt;549,5272909
motility_egd_rt;533,1958375
motility_egd_rt;734,3400459
motility_egd_rt;720,7607706
motility_egd_rt;854,402605
motility_egd_rt;444,8511811
motility_egd_rt;868,4720488
motility_egd_rt;746,9225514
motility_egd_rt;1526,823951
motility_egd_rt;491,2689956
motility_egd_rt;802,7884092
motility_egd_rt;1086,411204
motility_egd_rt;614,8221511
motility_egd_rt;796,1471705
motility_egd_rt;995,3424947
motility_egd_rt;558,0687187
motility_egd_rt;501,3166006
motility_egd_rt;1037,904084
motility_egd_rt;601,0891463
motility_egd_rt;587,5524203
motility_egd_rt;361,9844375
motility_egd_rt;1114,448285
motility_egd_rt;458,4624878
motility_egd_rt;513,5567927
motility_egd_rt;575,0541839
motility_egd_rt;588,6650223
motility_egd_rt;799,1256465
motility_egd_rt;712,7213133
motility_egd_rt;1018,998359
motility_egd_rt;906,6270627
motility_egd_rt;493,5487306
motility_egd_rt;630,7167697
motility_egd_rt;845,6836713
motility_egd_rt;462,4843633
motility_egd_rt;649,2911903
motility_egd_rt;639,6718282
motility_egd_rt;705,8532823
motility_egd_rt;745,9136894
motility_egd_rt;582,1783376
motility_egd_rt;1104,405273
motility_egd_rt;1165,578104
motility_egd_rt;496,3753882
motility_egd_rt;659,6310011
motility_egd_rt;462,9285853
motility_egd_rt;495,8855935
motility_egd_rt;725,9097547
motility_egd_rt;704,0380083
motility_egd_rt;856,1334225
motility_egd_rt;551,4274907
motility_egd_rt;552,5590462
motility_egd_rt;694,7779244
motility_egd_rt;683,5597401
motility_egd_rt;1027,826286
motility_egd_rt;380,9183891
motility_egd_rt;835,6588587
motility_egd_rt;670,0569954
motility_egd_rt;594,5435606
motility_egd_rt;728,6550292
motility_egd_rt;740,8987979
motility_egd_rt;590,2865056
motility_egd_rt;427,3245144
motility_egd_rt;934,2822352
motility_egd_rt;411,2518337
motility_egd_rt;472,0017981
motility_egd_rt;397,961105
motility_egd_rt;823,9145462
motility_egd_rt;677,0197723
motility_egd_rt;891,8421136
motility_egd_rt;790,6345378
motility_egd_rt;519,2624682
motility_egd_rt;848,2681931
motility_egd_rt;509,6856229
motility_egd_rt;712,828295
motility_egd_rt;1106,185559
motility_egd_rt;507,7866288
motility_egd_rt;702,4562135
motility_egd_rt;556,8186364
motility_egd_rt;524,8344019
motility_egd_rt;841,5921507
motility_egd_rt;815,2563655
motility_egd_rt;787,160539
motility_egd_rt;533,178912
motility_egd_rt;692,9639135
motility_egd_rt;554,8419896
motility_egd_rt;618,5416621
motility_egd_rt;774,8999906
motility_egd_rt;548,9963804
motility_egd_rt;872,1613846
motility_egd_rt;557,7505125
motility_egd_rt;485,2900004
motility_egd_rt;656,116206
motility_egd_rt;725,2759836
motility_egd_rt;694,8964292
motility_egd_rt;1117,256798
motility_egd_rt;789,144166
motility_egd_rt;642,6660996
motility_egd_rt;521,8059352
motility_egd_rt;680,9327714
motility_egd_rt;650,0530663
motility_egd_rt;638,2498353
motility_egd_rt;917,2511982
motility_egd_rt;511,2172821
motility_egd_rt;554,3902456
motility_egd_rt;501,8802539
motility_egd_rt;997,0342223
motility_egd_rt;673,8005753
motility_egd_rt;974,2974758
motility_egd_rt;621,5880591
motility_egd_rt;372,6400077
motility_egd_rt;143,4518324
motility_egd_rt;753,0387578
motility_egd_rt;858,0148375
motility_egd_rt;313,566
motility_egd_rt;551,3717636
motility_egd_rt;497,9659753
motility_egd_rt;996,8586584
motility_egd_rt;1079,080325
motility_egd_rt;850,9445852
motility_egd_rt;694,3792406
motility_egd_rt;580,1961598
motility_egd_rt;681,8175438
motility_egd_rt;689,9207993
motility_egd_rt;601,3074898
motility_egd_rt;779,9915836
motility_egd_rt;397,2181854
motility_egd_rt;782,7095301
motility_egd_rt;427,2496791
motility_egd_rt;1200,048896
motility_egd_rt;1392,470657
motility_egd_rt;804,4252039
motility_egd_rt;713,6879112
motility_egd_rt;761,7996607
motility_egd_rt;881,7045485
motility_egd_rt;752,5779937
motility_egd_rt;736,024776
motility_egd_rt;542,7417155
motility_egd_rt;718,4011019
motility_egd_rt;556,2247104
motility_egd_rt;505,0877663
motility_egd_rt;866,3110927
motility_egd_rt;491,3178013
motility_egd_rt;925,9643291
motility_egd_rt;621,9970037
motility_egd_rt;641,6240801
motility_egd_rt;685,8603684
motility_egd_rt;708,9604499
motility_egd_rt;853,6762071
motility_egd_rt;467,3415152
motility_egd_rt;840,2072189
motility_egd_rt;457,0367448
motility_egd_rt;691,6517557
motility_egd_rt;907,1721357
motility_egd_rt;606,8954958
motility_egd_rt;714,8754484
motility_egd_rt;897,9835897
motility_egd_rt;783,3464593
motility_egd_rt;500,4963872
motility_egd_rt;537,4343568
motility_egd_rt;515,8053423
motility_egd_rt;972,0698054
motility_egd_rt;671,2947103
motility_egd_rt;609,6273883
motility_egd_rt;818,9562067
motility_egd_rt;1093,024305
motility_egd_rt;498,3837844
motility_egd_rt;963,2376877
motility_egd_rt;373,8039409
motility_egd_rt;516,3680324
motility_egd_rt;369,9613851
motility_egd_rt;490,1411954
motility_egd_rt;672,7339522
motility_egd_rt;954,4051585
motility_egd_rt;545,4527579
motility_egd_rt;848,8425455
motility_egd_rt;889,720258
motility_egd_rt;661,4522026
motility_egd_rt;834,3697391
motility_egd_rt;813,7908315
motility_egd_rt;460,0352663
motility_egd_rt;400,6951405
motility_egd_rt;678,1087525
motility_egd_rt;778,4586729
motility_egd_rt;594,7645133
motility_egd_rt;759,1237598
motility_egd_rt;541,9781011
motility_egd_rt;824,0616302
motility_egd_rt;497,2975625
motility_egd_rt;734,7355777
motility_egd_rt;649,121753
motility_egd_rt;1517,343317
motility_egd_rt;504,288677
motility_egd_rt;524,9633701
motility_egd_rt;594,036167
motility_egd_rt;710,5294492
motility_egd_rt;940,4756239
motility_egd_rt;699,3567941
motility_egd_rt;486,474038
motility_egd_rt;963,7693214
motility_egd_rt;387,5226574
motility_egd_rt;379,5491814
motility_egd_rt;612,8093064
motility_egd_rt;598,8731059
motility_egd_rt;382,8093279
motility_egd_rt;1047,879945
motility_egd_rt;834,5309392
motility_egd_rt;499,6256014
motility_egd_rt;677,0967771
motility_egd_rt;758,6946976
motility_egd_rt;511,1387236
motility_egd_rt;642,0196699
motility_egd_rt;569,0984591
motility_egd_rt;506,406399
motility_egd_rt;873,0434186
motility_egd_rt;1206,992268
motility_egd_rt;968,92201
motility_egd_rt;730,253576
motility_egd_rt;808,7561619
motility_egd_rt;608,3832405
motility_egd_rt;953,9378904
motility_egd_rt;660,8868477
motility_egd_rt;580,7838565
motility_egd_rt;790,7177786
motility_egd_rt;422,5724227
motility_egd_rt;577,0920389
motility_egd_rt;607,9804074
motility_egd_rt;446,2821537
motility_egd_rt;751,1231528
motility_egd_rt;682,9256463
motility_egd_rt;414,8183273
motility_egd_rt;471,4677447
motility_egd_rt;527,5258138
motility_egd_rt;960,0346009
motility_egd_rt;480,4070886
motility_egd_rt;526,9821548
motility_egd_rt;632,6686344
motility_egd_rt;689,3553484
motility_egd_rt;763,284428
motility_egd_rt;524,8211743
motility_egd_rt;547,6754299
motility_egd_rt;870,4809166
motility_egd_rt;805,649547
motility_egd_rt;484,7532366
motility_egd_rt;1000,515865
motility_egd_rt;773,4051837
motility_egd_rt;697,3663162
motility_egd_rt;405,1135471
motility_egd_rt;820,4645723
motility_egd_rt;501,5546799
motility_egd_rt;624,6643784
motility_egd_rt;433,5690377
motility_egd_rt;393,184099
motility_egd_rt;634,5023798
motility_egd_rt;1170,323465
motility_egd_rt;506,55653
motility_egd_rt;473,1541736
motility_egd_rt;983,3198731
motility_egd_rt;506,0608749
motility_egd_rt;472,3576443
motility_egd_rt;916,9280929
motility_egd_rt;504,4432163
motility_egd_rt;539,5730351
motility_egd_rt;917,4357449
motility_egd_rt;765,9190506
motility_egd_rt;725,6042069
motility_egd_rt;632,5978615
motility_egd_rt;832,119641
motility_egd_rt;729,794293
motility_egd_rt;901,0522357
motility_egd_rt;618,892511
motility_egd_rt;565,1475657
motility_egd_rt;638,9114524
motility_egd_rt;610,627894
motility_egd_rt;706,2878059
motility_egd_rt;627,6018283
motility_egd_rt;650,7762756
motility_egd_rt;735,232229
motility_egd_rt;843,4941944
motility_egd_rt;674,6810679
motility_egd_rt;379,2877684
motility_egd_rt;383,7414946
motility_egd_rt;493,4959963
motility_egd_rt;716,582565
motility_egd_rt;559,3121669
motility_egd_rt;567,1563602
motility_egd_rt;531,0761476
motility_egd_rt;442,0609455
motility_egd_rt;758,554234
motility_egd_rt;905,188732
motility_egd_rt;766,3088061
motility_egd_rt;580,4658741
motility_egd_rt;407,3681988
motility_egd_rt;513,1366312
motility_egd_rt;542,9860262
motility_egd_rt;526,9860022
motility_egd_rt;702,9969474
motility_egd_rt;1084,892131
motility_egd_rt;550,2514164
motility_egd_rt;436,4287076
motility_egd_rt;478,8111347
motility_egd_rt;440,298646
motility_egd_rt;739,5597421
motility_egd_rt;512,005513
motility_egd_rt;760,3592662
motility_egd_rt;452,2726148
motility_egd_rt;866,8900106
motility_egd_rt;467,8859366
motility_egd_rt;1090,3161
motility_egd_rt;543,0028115
motility_egd_rt;677,8775147
motility_egd_rt;532,6819053
motility_egd_rt;593,4463786
motility_egd_rt;758,1371276
motility_egd_rt;551,6785988
motility_egd_rt;491,5420323
motility_egd_rt;460,180352
motility_egd_rt;388,7350264
motility_egd_rt;524,6672614
motility_egd_rt;661,0236754
motility_egd_rt;394,7539905
motility_egd_rt;1124,553357
motility_egd_rt;384,1280784
motility_egd_rt;786,2649383
motility_egd_rt;726,3716074
motility_egd_rt;857,0088873
motility_egd_rt;995,5773038
motility_egd_rt;923,841033
motility_egd_rt;559,6008866
motility_egd_rt;520,2394088
motility_egd_rt;667,4573872
motility_egd_rt;620,8727254
motility_egd_rt;738,7108848
motility_egd_rt;1046,923537
motility_egd_rt;703,1518416
motility_egd_rt;532,1265609
motility_egd_rt;433,1868738
motility_egd_rt;1137,430654
motility_egd_rt;640,9716351
motility_egd_rt;540,9408195
motility_egd_rt;929,9144635
motility_egd_rt;705,3122593
motility_egd_rt;750,8857064
motility_egd_rt;956,4334283
motility_egd_rt;437,0762447
motility_egd_rt;389,1332588
motility_egd_rt;450,7148433
motility_egd_rt;747,6812319
motility_egd_rt;538,4316049
motility_egd_rt;685,6632677
motility_egd_rt;540,6410643
motility_egd_rt;524,8390473
motility_egd_rt;410,228536
motility_egd_rt;377,9036984
motility_egd_rt;694,0905843
motility_egd_rt;760,972889
motility_egd_rt;565,8101085
motility_egd_rt;905,6792782
motility_egd_rt;654,3733864
motility_egd_rt;607,5775437
motility_egd_rt;569,0320088
motility_egd_rt;670,1927525
motility_egd_rt;618,3053847
motility_egd_rt;546,7874387
motility_egd_rt;513,9511022
motility_egd_rt;572,0007373
motility_egd_rt;1037,660124
motility_egd_rt;801,3619258
motility_egd_rt;482,9478069
motility_egd_rt;502,393864
motility_egd_rt;650,5447711
motility_egd_rt;372,2301109
motility_egd_rt;431,8597544
motility_egd_rt;448,3838041
motility_egd_rt;847,4531321
motility_egd_rt;365,2914069
motility_egd_rt;1053,351201
motility_egd_rt;988,4571063
motility_egd_rt;480,8806596
motility_egd_rt;487,8661801
motility_egd_rt;1168,649088
motility_egd_rt;599,4010282
motility_egd_rt;572,6757865
motility_egd_rt;457,4960043
motility_egd_rt;462,077987
motility_egd_rt;955,133037
motility_egd_rt;475,6375442
motility_egd_rt;484,1638145
motility_egd_rt;944,7031166
motility_egd_rt;721,5138409
motility_egd_rt;578,4252439
motility_egd_rt;501,7027408
motility_egd_rt;501,3426528
motility_egd_rt;441,9810034
motility_egd_rt;406,8459693
motility_egd_rt;570,6957571
motility_egd_rt;683,6893858
motility_egd_rt;851,1680306
motility_egd_rt;574,7887508
motility_egd_rt;476,2462189
motility_egd_rt;607,7059318
motility_egd_rt;865,3038755
motility_egd_rt;1150,309437
motility_egd_rt;562,0785002
motility_egd_rt;439,5833531
motility_egd_rt;386,7710326
motility_egd_rt;656,8364593
motility_egd_rt;960,9200445
motility_egd_rt;420,0327522
motility_egd_rt;493,7166194
motility_egd_rt;573,1968088
motility_egd_rt;669,2474269
motility_egd_rt;763,2604217
motility_egd_rt;416,3167689
motility_egd_rt;816,3746444
motility_egd_rt;893,4169601
motility_egd_rt;954,0127947
motility_egd_rt;512,9699966
motility_egd_rt;782,160127
motility_egd_rt;741,4489744
motility_egd_rt;537,1732488
motility_egd_rt;544,0244817
motility_egd_rt;707,2582793
motility_egd_rt;784,2224492
motility_egd_rt;672,0340957
motility_egd_rt;453,6844071
motility_egd_rt;503,994106
motility_egd_rt;1084,47839
motility_egd_rt;632,6045785
motility_egd_rt;394,2249966
motility_egd_rt;528,0139209
motility_egd_rt;491,8828348
motility_egd_rt;708,6016928
motility_egd_rt;453,1130037
motility_egd_rt;693,6107416
motility_egd_rt;554,7460767
motility_egd_rt;582,171518
motility_egd_rt;538,8608367
motility_egd_rt;774,1364427
motility_egd_rt;578,8297582
motility_egd_rt;454,45116
motility_egd_rt;801,4316397
motility_egd_rt;564,7937426
motility_egd_rt;412,0741761
motility_egd_rt;415,1390582
motility_egd_rt;409,1476085
motility_egd_rt;749,5212513
motility_egd_rt;555,2707004
motility_egd_rt;367,8862818
motility_egd_rt;666,5574146
motility_egd_rt;878,378376
motility_egd_rt;698,3608707
motility_egd_rt;545,0817236
motility_egd_rt;1305,395133
motility_egd_rt;907,9617602
motility_egd_rt;656,3139865
motility_egd_rt;469,8420309
motility_egd_rt;808,2492815
motility_egd_rt;883,0768733
motility_egd_rt;437,8881468
motility_egd_rt;513,8887408
motility_egd_rt;647,0087003
motility_egd_rt;827,6759268
motility_egd_rt;846,7495596
motility_egd_rt;1076,686772
motility_egd_rt;706,3794639
motility_egd_rt;628,8007361
motility_egd_rt;700,3116615
motility_egd_rt;1012,680717
motility_egd_rt;671,826859
motility_egd_rt;715,7524572
motility_egd_rt;482,7121358
motility_egd_rt;490,4963519
motility_egd_rt;506,9154159
motility_egd_rt;696,8059581
motility_egd_rt;638,0858582
motility_egd_rt;943,6231652
motility_egd_rt;442,6178967
motility_egd_rt;490,7613948
motility_egd_rt;685,8860951
motility_egd_rt;719,6834769
motility_egd_rt;583,6193635
motility_egd_rt;418,9979073
motility_egd_rt;747,7619553
motility_egd_rt;610,6383841
motility_egd_rt;536,9827686
motility_egd_rt;844,9388414
motility_egd_rt;733,2985564
motility_egd_rt;785,7951314
motility_egd_rt;872,8347807
motility_egd_rt;484,7531079
motility_egd_rt;541,0508677
motility_egd_rt;619,2751079
motility_egd_rt;652,9584805
motility_egd_rt;461,760962
motility_egd_rt;861,0183272
motility_egd_rt;461,6495867
motility_egd_rt;864,9831155
motility_egd_rt;664,2351495
motility_egd_rt;982,3594832
motility_egd_rt;837,291501
motility_egd_rt;621,7019492
motility_egd_rt;1155,412551
motility_egd_rt;626,4395834
motility_egd_rt;650,0747492
motility_egd_rt;527,4154842
motility_egd_rt;697,1893914
motility_egd_rt;460,5992596
motility_egd_rt;497,9690864
motility_egd_rt;761,203584
motility_egd_rt;568,0245069
motility_egd_rt;369,2219569
motility_egd_rt;547,7471347
motility_egd_rt;631,9448279
motility_egd_rt;615,2273832
motility_egd_rt;514,5732888
motility_egd_rt;848,1161244
motility_egd_rt;498,4544147
motility_egd_rt;582,2942987
motility_egd_rt;899,550595
motility_egd_rt;1380,071036
motility_egd_rt;459,7585615
motility_egd_rt;732,9976586
motility_egd_rt;548,6291609
motility_egd_rt;576,2613818
motility_egd_rt;425,2791488
motility_egd_rt;723,8761969
motility_egd_rt;555,1911846
motility_egd_rt;680,4500474
motility_egd_rt;489,9199277
motility_egd_rt;819,3110245
motility_egd_rt;582,9739404
motility_egd_rt;735,7075374
motility_egd_rt;747,9350476
motility_egd_rt;648,387806
motility_egd_rt;780,3713586
motility_egd_rt;737,1657956
motility_egd_rt;635,6731633
motility_egd_rt;501,6595122
motility_egd_rt;712,4631852
motility_egd_rt;973,9385512
motility_egd_rt;507,0267205
motility_egd_rt;529,6701635
motility_egd_rt;427,2270159
motility_egd_rt;1044,999359
motility_egd_rt;625,7441498
motility_egd_rt;433,4002032
motility_egd_rt;359,9263153
motility_egd_rt;405,088589
motility_egd_rt;800,6166157
motility_egd_rt;843,4712676
motility_egd_rt;531,266131
motility_egd_rt;387,5312966
motility_egd_rt;908,7142889
motility_egd_rt;436,0576614
motility_egd_rt;634,0583367
motility_egd_rt;520,5242525
motility_egd_rt;413,3619037
motility_egd_rt;525,9367481
motility_egd_rt;599,7312413
motility_egd_rt;486,5549312
motility_egd_rt;929,1293609
motility_egd_rt;832,416263
motility_egd_rt;896,111161
motility_egd_rt;542,6228877
motility_egd_rt;759,5763113
motility_egd_rt;590,9882071
motility_egd_rt;620,79455
motility_egd_rt;602,4020911
motility_egd_rt;662,7832654
motility_egd_rt;861,830986
motility_egd_rt;495,2531618
motility_egd_rt;1166,458996
motility_egd_rt;576,1979927
motility_egd_rt;406,6019083
motility_egd_rt;734,8784848
motility_egd_rt;373,8254143
motility_egd_rt;343,7473224
motility_egd_rt;825,6660428
motility_egd_rt;25,82887742
motility_egd_rt;1072,952918
motility_egd_rt;517,8176437
motility_egd_rt;453,6657051
motility_egd_rt;845,878486
motility_egd_rt;623,769001
motility_egd_rt;1007,253466
motility_egd_rt;748,3695435
motility_egd_rt;737,2817958
motility_egd_rt;623,3595236
motility_egd_rt;437,0676463
motility_egd_rt;845,905149
motility_egd_rt;637,1309672
motility_egd_rt;976,6338379
motility_egd_rt;692,3224379
motility_egd_rt;421,4583874
motility_egd_rt;681,1442589
motility_egd_rt;545,3445133
motility_egd_rt;532,6201617
motility_egd_rt;765,3179709
motility_egd_rt;882,9115959
motility_egd_rt;574,7823872
motility_egd_rt;1246,169446
motility_egd_rt;579,5563388
motility_egd_rt;1136,370277
motility_egd_rt;510,7255071
motility_egd_rt;692,6461974
motility_egd_rt;640,5017995
motility_egd_rt;775,8521021
motility_egd_rt;915,9111125
motility_egd_rt;929,2198295
motility_egd_rt;1367,143089
motility_egd_rt;592,3538733
motility_egd_rt;826,3465391
motility_egd_rt;740,289858
motility_egd_rt;404,7305368
motility_egd_rt;800,1873259
motility_egd_rt;486,0298928
motility_egd_rt;530,5669124
motility_egd_rt;1106,579931
motility_egd_rt;585,5811756
motility_egd_rt;636,5899878
motility_egd_rt;1355,678369
motility_egd_rt;878,7781157
motility_egd_rt;451,6798844
motility_egd_rt;524,8380748
motility_egd_rt;814,4371323
motility_egd_rt;469,0441366
motility_egd_rt;832,4671384
motility_egd_rt;621,7814818
motility_egd_rt;872,0777466
motility_egd_rt;970,7133887
motility_egd_rt;513,2054785
motility_egd_rt;545,3450667
motility_egd_rt;417,0579052
motility_egd_rt;517,6746547
motility_egd_rt;525,7652165
motility_egd_rt;784,6630003
motility_egd_rt;851,9350859
motility_egd_rt;474,7028841
motility_egd_rt;1035,686555
motility_egd_rt;815,9098669
motility_egd_rt;1360,637607
motility_egd_rt;693,6709494
motility_egd_rt;745,3782995
motility_egd_rt;700,1479027
motility_egd_rt;730,4059651
motility_egd_rt;596,8871633
motility_egd_rt;498,7698693
motility_egd_rt;638,7279832
motility_egd_rt;688,1614554
motility_egd_rt;902,1331668
motility_egd_rt;902,9884595
motility_egd_rt;1433,559261
motility_egd_rt;754,8065658
motility_egd_rt;738,8582268
motility_egd_rt;802,1458667
motility_egd_rt;415,3604187
motility_egd_rt;673,6550219
motility_egd_rt;683,6165601
motility_egd_rt;450,2951628
motility_egd_rt;780,2533963
motility_egd_rt;759,5326051
motility_egd_rt;658,6113774
motility_egd_rt;565,5865504
motility_egd_rt;500,0657455
motility_egd_rt;1735,375212
motility_egd_rt;451,1999154
motility_egd_rt;480,3621974
motility_egd_rt;532,8998218
motility_egd_rt;419,3649644
motility_egd_rt;955,6927118
motility_egd_rt;400,2053052
motility_egd_rt;886,2307207
motility_egd_rt;944,5120465
motility_egd_rt;641,6808737
motility_egd_rt;648,3105986
motility_egd_rt;374,8017922
motility_egd_rt;722,2343207
motility_egd_rt;484,2305586
motility_egd_rt;823,440642
motility_egd_rt;393,158144
motility_egd_rt;953,1756179
motility_egd_rt;645,7513218
motility_egd_rt;848,2676229
motility_egd_rt;687,7534844
motility_egd_rt;1193,931131
motility_egd_rt;603,9335368
motility_egd_rt;786,6052672
motility_egd_rt;720,1309665
motility_egd_rt;1165,248959
motility_egd_rt;853,3321152
motility_egd_rt;929,3994413
motility_egd_rt;1396,880009
motility_egd_rt;656,2521086
motility_egd_rt;569,8628425
motility_egd_rt;413,4771031
motility_egd_rt;617,3843279
motility_egd_rt;431,5935315
motility_egd_rt;1031,00388
motility_egd_rt;781,0868453
motility_egd_rt;487,5387352
motility_egd_rt;502,3755804
motility_egd_rt;428,2170222
motility_egd_rt;987,075524
motility_egd_rt;644,6090675
motility_egd_rt;823,1948132
motility_egd_rt;796,7339099
motility_egd_rt;397,0360618
motility_egd_rt;760,0297166
motility_egd_rt;712,943105
motility_egd_rt;706,7444253
motility_egd_rt;957,8817367
motility_egd_rt;441,1212643
motility_egd_rt;751,9403269
motility_egd_rt;455,0528939
motility_egd_rt;768,4284699
motility_egd_rt;394,2455259
motility_egd_rt;379,6712294
motility_egd_rt;735,7890196
motility_lmina_rt;660,454995
motility_lmina_rt;958,8358934
motility_lmina_rt;559,0513488
motility_lmina_rt;712,5183353
motility_lmina_rt;618,9571316
motility_lmina_rt;644,2035797
motility_lmina_rt;622,1397139
motility_lmina_rt;830,1775509
motility_lmina_rt;1064,197896
motility_lmina_rt;382,8797013
motility_lmina_rt;855,4266184
motility_lmina_rt;716,4817741
motility_lmina_rt;841,9894889
motility_lmina_rt;897,0040342
motility_lmina_rt;652,0161497
motility_lmina_rt;796,8794584
motility_lmina_rt;580,3335291
motility_lmina_rt;1439,647472
motility_lmina_rt;592,1256308
motility_lmina_rt;739,8617257
motility_lmina_rt;427,668646
motility_lmina_rt;945,628001
motility_lmina_rt;809,0724849
motility_lmina_rt;605,3902422
motility_lmina_rt;516,5169654
motility_lmina_rt;675,9925768
motility_lmina_rt;416,6331607
motility_lmina_rt;879,3270307
motility_lmina_rt;611,6289547
motility_lmina_rt;1081,200702
motility_lmina_rt;568,7142318
motility_lmina_rt;532,9633421
motility_lmina_rt;1118,847403
motility_lmina_rt;900,8738016
motility_lmina_rt;1052,345015
motility_lmina_rt;777,393407
motility_lmina_rt;867,4031198
motility_lmina_rt;719,1888317
motility_lmina_rt;518,5712103
motility_lmina_rt;493,8373616
motility_lmina_rt;771,2369009
motility_lmina_rt;686,9621529
motility_lmina_rt;528,7410477
motility_lmina_rt;1321,393895
motility_lmina_rt;482,2643692
motility_lmina_rt;443,0812661
motility_lmina_rt;728,6735029
motility_lmina_rt;874,7446728
motility_lmina_rt;736,6731202
motility_lmina_rt;453,668749
motility_lmina_rt;556,8345246
motility_lmina_rt;770,0651329
motility_lmina_rt;534,6501096
motility_lmina_rt;531,6114315
motility_lmina_rt;746,5636241
motility_lmina_rt;729,3924578
motility_lmina_rt;845,4628018
motility_lmina_rt;720,0484788
motility_lmina_rt;950,5848209
motility_lmina_rt;730,1081181
motility_lmina_rt;509,7415544
motility_lmina_rt;625,4002738
motility_lmina_rt;566,6954124
motility_lmina_rt;862,5145237
motility_lmina_rt;589,3989539
motility_lmina_rt;814,8728541
motility_lmina_rt;495,0873006
motility_lmina_rt;720,5766081
motility_lmina_rt;627,4359454
motility_lmina_rt;985,8650639
motility_lmina_rt;565,8212006
motility_lmina_rt;454,5350513
motility_lmina_rt;572,0872538
motility_lmina_rt;1016,435431
motility_lmina_rt;404,4438225
motility_lmina_rt;601,0734723
motility_lmina_rt;392,3173746
motility_lmina_rt;825,0419376
motility_lmina_rt;917,0514643
motility_lmina_rt;541,9937924
motility_lmina_rt;669,8521845
motility_lmina_rt;466,0717417
motility_lmina_rt;980,8243123
motility_lmina_rt;1483,552761
motility_lmina_rt;1013,881969
motility_lmina_rt;562,2422113
motility_lmina_rt;637,83383
motility_lmina_rt;571,9277264
motility_lmina_rt;419,0996134
motility_lmina_rt;1070,686168
motility_lmina_rt;1076,666653
motility_lmina_rt;643,0080618
motility_lmina_rt;501,0015798
motility_lmina_rt;815,7663671
motility_lmina_rt;1026,433232
motility_lmina_rt;639,2560706
motility_lmina_rt;835,2668007
motility_lmina_rt;644,5220237
motility_lmina_rt;749,5647588
motility_lmina_rt;730,6813101
motility_lmina_rt;622,2521642
motility_lmina_rt;400,4821105
motility_lmina_rt;438,5443147
motility_lmina_rt;1063,086543
motility_lmina_rt;1196,319199
motility_lmina_rt;581,4658019
motility_lmina_rt;828,2124362
motility_lmina_rt;1128,671403
motility_lmina_rt;888,6411437
motility_lmina_rt;566,389006
motility_lmina_rt;618,1108938
motility_lmina_rt;979,919833
motility_lmina_rt;728,3526804
motility_lmina_rt;758,4266046
motility_lmina_rt;521,973341
motility_lmina_rt;831,9077389
motility_lmina_rt;747,9247538
motility_lmina_rt;1019,432534
motility_lmina_rt;541,2778548
motility_lmina_rt;700,3561996
motility_lmina_rt;411,9245342
motility_lmina_rt;945,6589151
motility_lmina_rt;774,8189685
motility_lmina_rt;747,8030498
motility_lmina_rt;771,1428817
motility_lmina_rt;506,8262727
motility_lmina_rt;754,8005754
motility_lmina_rt;526,0136819
motility_lmina_rt;538,5128923
motility_lmina_rt;775,9550936
motility_lmina_rt;509,8847788
motility_lmina_rt;671,8714068
motility_lmina_rt;623,7486637
motility_lmina_rt;502,5048852
motility_lmina_rt;692,5575162
motility_lmina_rt;641,3143763
motility_lmina_rt;575,5465539
motility_lmina_rt;675,2418107
motility_lmina_rt;620,5616493
motility_lmina_rt;778,5617246
motility_lmina_rt;377,8389453
motility_lmina_rt;593,3649922
motility_lmina_rt;443,8363358
motility_lmina_rt;1255,74904
motility_lmina_rt;1034,679213
motility_lmina_rt;998,8966093
motility_lmina_rt;214,1352707
motility_lmina_rt;481,0417766
motility_lmina_rt;880,7361094
motility_lmina_rt;852,6471521
motility_lmina_rt;973,5212826
motility_lmina_rt;599,4759609
motility_lmina_rt;610,1023217
motility_lmina_rt;500,8710196
motility_lmina_rt;704,2971057
motility_lmina_rt;1273,11673
motility_lmina_rt;788,4037285
motility_lmina_rt;555,7553138
motility_lmina_rt;506,1768744
motility_lmina_rt;803,0986797
motility_lmina_rt;755,3917335
motility_lmina_rt;686,7605983
motility_lmina_rt;1198,480428
motility_lmina_rt;607,2534923
motility_lmina_rt;620,0700132
motility_lmina_rt;707,8075756
motility_lmina_rt;528,1028367
motility_lmina_rt;794,3216476
motility_lmina_rt;853,1684258
motility_lmina_rt;438,7277467
motility_lmina_rt;1231,716087
motility_lmina_rt;342,2175506
motility_lmina_rt;544,3082057
motility_lmina_rt;374,1865124
motility_lmina_rt;445,8563578
motility_lmina_rt;525,4389459
motility_lmina_rt;841,5945538
motility_lmina_rt;718,202734
motility_lmina_rt;482,5061275
motility_lmina_rt;647,880062
motility_lmina_rt;1035,713362
motility_lmina_rt;545,1926221
motility_lmina_rt;645,7674605
motility_lmina_rt;578,0025713
motility_lmina_rt;457,524355
motility_lmina_rt;964,7529405
motility_lmina_rt;833,3258267
motility_lmina_rt;766,9634462
motility_lmina_rt;547,121888
motility_lmina_rt;547,7604377
motility_lmina_rt;423,2127789
motility_lmina_rt;1338,874488
motility_lmina_rt;820,3369109
motility_lmina_rt;380,9795574
motility_lmina_rt;959,4427443
motility_lmina_rt;863,2206678
motility_lmina_rt;772,0981809
motility_lmina_rt;534,3136177
motility_lmina_rt;832,934511
motility_lmina_rt;944,6279199
motility_lmina_rt;519,1846
motility_lmina_rt;937,10633
motility_lmina_rt;384,5404046
motility_lmina_rt;651,0218094
motility_lmina_rt;782,2308552
motility_lmina_rt;707,1896284
motility_lmina_rt;738,7879299
motility_lmina_rt;637,3701559
motility_lmina_rt;653,7186173
motility_lmina_rt;779,6905835
motility_lmina_rt;715,1739892
motility_lmina_rt;1002,150829
motility_lmina_rt;1214,437002
motility_lmina_rt;479,9225854
motility_lmina_rt;671,7611435
motility_lmina_rt;1106,022673
motility_lmina_rt;907,9808663
motility_lmina_rt;663,3302038
motility_lmina_rt;1110,721156
motility_lmina_rt;645,3336596
motility_lmina_rt;806,5455668
motility_lmina_rt;861,4183346
motility_lmina_rt;776,5644547
motility_lmina_rt;612,2499626
motility_lmina_rt;1104,672916
motility_lmina_rt;768,1014799
motility_lmina_rt;683,9186225
motility_lmina_rt;605,4088686
motility_lmina_rt;1000,848476
motility_lmina_rt;839,1576841
motility_lmina_rt;851,3471706
motility_lmina_rt;620,6323259
motility_lmina_rt;523,3726138
motility_lmina_rt;751,1894454
motility_lmina_rt;721,1887937
motility_lmina_rt;1236,424459
motility_lmina_rt;612,9741511
motility_lmina_rt;562,2130963
motility_lmina_rt;627,4235425
motility_lmina_rt;877,5188203
motility_lmina_rt;696,4661483
motility_lmina_rt;600,5307609
motility_lmina_rt;989,9746992
motility_lmina_rt;415,4612449
motility_lmina_rt;648,4062659
motility_lmina_rt;1094,712457
motility_lmina_rt;748,8167276
motility_lmina_rt;659,6983652
motility_lmina_rt;1238,808176
motility_lmina_rt;665,3666119
motility_lmina_rt;509,5062761
motility_lmina_rt;527,5489172
motility_lmina_rt;536,7709599
motility_lmina_rt;649,8846883
motility_lmina_rt;788,1068903
motility_lmina_rt;392,8434746
motility_lmina_rt;979,7618725
motility_lmina_rt;662,6975671
motility_lmina_rt;1077,659858
motility_lmina_rt;1067,684222
motility_lmina_rt;1091,125107
motility_lmina_rt;854,4117355
motility_lmina_rt;957,0851979
motility_lmina_rt;1027,955492
motility_lmina_rt;562,4377805
motility_lmina_rt;1272,931391
motility_lmina_rt;1177,695513
motility_lmina_rt;934,3865197
motility_lmina_rt;831,6861016
motility_lmina_rt;611,5359325
motility_lmina_rt;945,2362102
motility_lmina_rt;506,6862357
motility_lmina_rt;666,3605025
motility_lmina_rt;462,5128642
motility_lmina_rt;751,4223597
motility_lmina_rt;899,0562451
motility_lmina_rt;727,749943
motility_lmina_rt;646,5794869
motility_lmina_rt;597,5187177
motility_lmina_rt;431,2820801
motility_lmina_rt;745,0181653
motility_lmina_rt;1151,350089
motility_lmina_rt;758,053118
motility_lmina_rt;652,8476192
motility_lmina_rt;1014,590963
motility_lmina_rt;425,5102857
motility_lmina_rt;527,8803439
motility_lmina_rt;698,4601296
motility_lmina_rt;924,9415982
motility_lmina_rt;407,246315
motility_lmina_rt;623,4927773
motility_lmina_rt;1122,873435
motility_lmina_rt;468,9008887
motility_lmina_rt;565,680756
motility_lmina_rt;1194,172171
motility_lmina_rt;512,5986666
motility_lmina_rt;517,0071827
motility_lmina_rt;549,1008517
motility_lmina_rt;1001,587378
motility_lmina_rt;777,7279033
motility_lmina_rt;805,053657
motility_lmina_rt;763,8919216
motility_lmina_rt;469,8748168
motility_lmina_rt;512,8578827
motility_lmina_rt;1092,103936
motility_lmina_rt;988,7161097
motility_lmina_rt;614,9162127
motility_lmina_rt;655,7709154
motility_lmina_rt;402,9323478
motility_lmina_rt;683,6977118
motility_lmina_rt;473,844752
motility_lmina_rt;422,7551423
motility_lmina_rt;1162,175044
motility_lmina_rt;606,3982516
motility_lmina_rt;614,2494064
motility_lmina_rt;381,800333
motility_lmina_rt;560,248234
motility_lmina_rt;566,3409109
motility_lmina_rt;585,5966127
motility_lmina_rt;661,7586208
motility_lmina_rt;376,9642079
motility_lmina_rt;623,8137207
motility_lmina_rt;1436,277685
motility_lmina_rt;645,0327063
motility_lmina_rt;614,1742802
motility_lmina_rt;477,2231879
motility_lmina_rt;390,1608488
motility_lmina_rt;1092,127132
motility_lmina_rt;888,1267553
motility_lmina_rt;1046,21545
motility_lmina_rt;949,1797088
motility_lmina_rt;569,6068439
motility_lmina_rt;912,6172038
motility_lmina_rt;1093,90856
motility_lmina_rt;731,9563324
motility_lmina_rt;1091,207752
motility_lmina_rt;1318,791292
motility_lmina_rt;1164,477173
motility_lmina_rt;1006,379644
motility_lmina_rt;603,5431286
motility_lmina_rt;1019,544361
motility_lmina_rt;811,4395209
motility_lmina_rt;506,5460118
motility_lmina_rt;624,3017806
motility_lmina_rt;881,989219
motility_lmina_rt;471,7304762
motility_lmina_rt;820,2228149
motility_lmina_rt;652,2047531
motility_lmina_rt;569,2390624
motility_lmina_rt;685,3802204
motility_lmina_rt;528,4519359
motility_lmina_rt;378,9860272
motility_lmina_rt;818,0496495
motility_lmina_rt;1583,066667
motility_lmina_rt;1025,813414
motility_lmina_rt;26,02261744
motility_lmina_rt;821,4228714
motility_lmina_rt;550,1110126
motility_lmina_rt;913,6223637
motility_lmina_rt;519,2758638
motility_lmina_rt;727,63651
motility_lmina_rt;1064,770373
motility_lmina_rt;734,0449818
motility_lmina_rt;803,8734576
motility_lmina_rt;372,1825172
motility_lmina_rt;433,6256418
motility_lmina_rt;442,6022171
motility_lmina_rt;978,6460954
motility_lmina_rt;446,7739926
motility_lmina_rt;946,6967677
motility_lmina_rt;918,4675215
motility_lmina_rt;418,6058888
motility_lmina_rt;661,3589946
motility_lmina_rt;847,5202666
motility_lmina_rt;686,3578953
motility_lmina_rt;796,741041
motility_lmina_rt;549,966292
motility_lmina_rt;468,4062286
motility_lmina_rt;380,0198765
motility_lmina_rt;492,9103794
motility_lmina_rt;411,5421651
motility_lmina_rt;782,3822975
motility_lmina_rt;545,8667508
motility_lmina_rt;640,9629448
motility_lmina_rt;534,9437424
motility_lmina_rt;814,1225786
motility_lmina_rt;569,9720245
motility_lmina_rt;982,9876373
motility_lmina_rt;939,5397959
motility_lmina_rt;777,0235035
motility_lmina_rt;628,0503822
motility_lmina_rt;938,9362426
motility_lmina_rt;380,632982
motility_lmina_rt;623,395536
motility_lmina_rt;656,3806598
motility_lmina_rt;960,0565023
motility_lmina_rt;560,1229313
motility_lmina_rt;821,1589436
motility_lmina_rt;628,8036582
motility_lmina_rt;672,8609238
motility_lmina_rt;567,5958641
motility_lmina_rt;1060,28541
motility_lmina_rt;852,4545905
motility_lmina_rt;761,4050203
motility_lmina_rt;406,7108752
motility_lmina_rt;995,8584741
motility_lmina_rt;662,0348413
motility_lmina_rt;439,8224572
motility_lmina_rt;564,6187547
motility_lmina_rt;792,7721648
motility_lmina_rt;729,5116752
motility_lmina_rt;701,5541789
motility_lmina_rt;824,9812247
motility_lmina_rt;539,1594584
motility_lmina_rt;657,0062419
motility_lmina_rt;832,9909646
motility_lmina_rt;543,6186235
motility_lmina_rt;471,9406481
motility_lmina_rt;429,4095628
motility_lmina_rt;379,7501082
motility_lmina_rt;621,5105414
motility_lmina_rt;466,8987037
motility_lmina_rt;549,326596
motility_lmina_rt;480,2873028
motility_lmina_rt;823,8632224
motility_lmina_rt;382,7003695
motility_lmina_rt;579,3015408
motility_lmina_rt;967,1261446
motility_lmina_rt;1190,034325
motility_lmina_rt;597,229012
motility_lmina_rt;911,7753087
motility_lmina_rt;587,1902248
motility_lmina_rt;833,0382244
motility_lmina_rt;1014,779185
motility_lmina_rt;410,6782828
motility_lmina_rt;472,6238312
motility_lmina_rt;740,8731059
motility_lmina_rt;461,8637752
motility_lmina_rt;616,6240447
motility_lmina_rt;443,0153638
motility_lmina_rt;498,7899772
motility_lmina_rt;519,0119156
motility_lmina_rt;854,0091527
motility_lmina_rt;565,1460306
motility_lmina_rt;633,4702526
motility_lmina_rt;501,2770711
motility_lmina_rt;751,9215617
motility_lmina_rt;647,9219211
motility_lmina_rt;732,1980744
motility_lmina_rt;749,8870989
motility_lmina_rt;470,2565417
motility_lmina_rt;822,6686779
motility_lmina_rt;719,5240925
motility_lmina_rt;765,5967188
motility_lmina_rt;728,8054256
motility_lmina_rt;818,1362524
motility_lmina_rt;619,5706689
motility_lmina_rt;638,2391281
motility_lmina_rt;410,904693
motility_lmina_rt;551,7551944
motility_lmina_rt;747,0797659
motility_lmina_rt;837,7667289
motility_lmina_rt;647,6663175
motility_lmina_rt;533,1517689
motility_lmina_rt;1132,082613
motility_lmina_rt;391,2230072
motility_lmina_rt;504,6870998
motility_lmina_rt;875,0562886
motility_lmina_rt;717,769349
motility_lmina_rt;758,3660874
motility_lmina_rt;777,3873015
motility_lmina_rt;525,1733925
motility_lmina_rt;566,9825801
motility_lmina_rt;423,9772146
motility_lmina_rt;426,3395043
motility_lmina_rt;571,1019661
motility_lmina_rt;573,7537144
motility_lmina_rt;781,8479153
motility_lmina_rt;617,0210421
motility_lmina_rt;712,7894727
motility_lmina_rt;555,4200017
motility_lmina_rt;466,9256814
motility_lmina_rt;783,2671386
motility_lmina_rt;560,9844829
motility_lmina_rt;745,7607261
motility_lmina_rt;882,8302967
motility_lmina_rt;375,6857198
motility_lmina_rt;478,5282089
motility_lmina_rt;857,1623869
motility_lmina_rt;523,3159218
motility_lmina_rt;959,4977965
motility_lmina_rt;663,3923054
motility_lmina_rt;710,6332925
motility_lmina_rt;932,1022606
motility_lmina_rt;655,5946104
motility_lmina_rt;581,2898717
motility_lmina_rt;759,8406407
motility_lmina_rt;556,2801602
motility_lmina_rt;718,0092095
motility_lmina_rt;659,4003052
motility_lmina_rt;1063,975776
motility_lmina_rt;951,6860008
motility_lmina_rt;502,6519281
motility_lmina_rt;382,9925017
motility_lmina_rt;624,895332
motility_lmina_rt;479,2961594
motility_lmina_rt;625,6366667
motility_lmina_rt;632,8698414
motility_lmina_rt;454,3105223
motility_lmina_rt;752,4441639
motility_lmina_rt;653,2924297
motility_lmina_rt;530,7178401
motility_lmina_rt;754,1916948
motility_lmina_rt;994,547285
motility_lmina_rt;375,340347
motility_lmina_rt;770,654447
motility_lmina_rt;563,624031
motility_lmina_rt;659,3657708
motility_lmina_rt;884,5250457
motility_lmina_rt;702,2945871
motility_lmina_rt;617,0170848
motility_lmina_rt;853,0313175
motility_lmina_rt;605,863732
motility_lmina_rt;419,4836738
motility_lmina_rt;582,089676
motility_lmina_rt;834,3462832
motility_lmina_rt;916,6515189
motility_lmina_rt;636,2510934
motility_lmina_rt;441,347564
motility_lmina_rt;755,2284566
motility_lmina_rt;379,9044813
motility_lmina_rt;630,0252611
motility_lmina_rt;741,9595778
motility_lmina_rt;1010,406832
motility_lmina_rt;457,4907118
motility_lmina_rt;905,3562989
motility_lmina_rt;279,8366385
motility_lmina_rt;835,0831293
motility_lmina_rt;705,4244345
motility_lmina_rt;1017,472016
motility_lmina_rt;717,0046546
motility_lmina_rt;808,3085545
motility_lmina_rt;365,0421044
motility_lmina_rt;599,8274438
motility_lmina_rt;372,5896008
motility_lmina_rt;561,6230616
motility_lmina_rt;616,7105913
motility_lmina_rt;573,495075
motility_lmina_rt;813,2531969
motility_lmina_rt;707,3046035
motility_lmina_rt;1107,678174
motility_lmina_rt;409,2106987
motility_lmina_rt;480,9250779
motility_lmina_rt;743,2343871
motility_lmina_rt;654,269557
motility_lmina_rt;627,2524219
motility_lmina_rt;999,1697879
motility_lmina_rt;432,6165317
motility_lmina_rt;680,8730448
motility_lmina_rt;811,6303289
motility_lmina_rt;897,505874
motility_lmina_rt;408,9904647
motility_lmina_rt;632,0252176
motility_lmina_rt;442,8717016
motility_lmina_rt;723,2641964
motility_lmina_rt;945,7380356
motility_lmina_rt;533,576191
motility_lmina_rt;816,0063054
motility_lmina_rt;751,8922259
motility_lmina_rt;737,2684099
motility_lmina_rt;404,6109163
motility_lmina_rt;841,4305447
motility_lmina_rt;676,5804485
motility_lmina_rt;407,053965
motility_lmina_rt;609,9333253
motility_lmina_rt;636,1144562
motility_lmina_rt;765,2715634
motility_lmina_rt;467,4262139
motility_lmina_rt;621,9140052
motility_lmina_rt;607,4118196
motility_lmina_rt;553,3860289
motility_lmina_rt;482,4633457
motility_lmina_rt;388,1240466
motility_lmina_rt;757,3388295
motility_lmina_rt;668,6381786
motility_lmina_rt;455,0774945
motility_lmina_rt;824,547741
motility_lmina_rt;410,0040608
motility_lmina_rt;818,3930519
motility_lmina_rt;551,5309154
motility_lmina_rt;685,6507919
motility_lmina_rt;833,0483108
motility_lmina_rt;715,7609003
motility_lmina_rt;594,5562094
motility_lmina_rt;871,7780996
motility_lmina_rt;602,2101718
motility_lmina_rt;1104,393829
motility_lmina_rt;1144,025415
motility_lmina_rt;765,0107966
motility_lmina_rt;511,4341723
motility_lmina_rt;792,7249485
motility_lmina_rt;539,8788663
motility_lmina_rt;415,4889307
motility_lmina_rt;856,4215894
motility_lmina_rt;434,8926098
motility_lmina_rt;745,6213867
motility_lmina_rt;558,4724348
motility_lmina_rt;533,1815264
motility_lmina_rt;553,5766763
motility_lmina_rt;737,537691
motility_lmina_rt;389,972131
motility_lmina_rt;485,2783345
motility_lmina_rt;431,3767995
motility_lmina_rt;703,0619457
motility_lmina_rt;484,554068
motility_lmina_rt;693,8102255
motility_lmina_rt;445,7334041
motility_lmina_rt;546,7196385
motility_lmina_rt;636,7181033
motility_lmina_rt;1054,682738
motility_lmina_rt;823,9820084
motility_lmina_rt;685,5581236
motility_lmina_rt;879,823193
motility_lmina_rt;734,3754535
motility_lmina_rt;1202,539765
motility_lmina_rt;824,3695287
motility_lmina_rt;637,1426384
motility_lmina_rt;571,3876522
motility_lmina_rt;538,7069352
motility_lmina_rt;603,7219941
motility_lmina_rt;835,949197
motility_lmina_rt;464,1673813
motility_lmina_rt;855,2785231
motility_lmina_rt;407,2667452
motility_lmina_rt;460,0564108
motility_lmina_rt;991,1966086
motility_lmina_rt;450,8354924
motility_lmina_rt;1055,169638
motility_lmina_rt;736,3911197
motility_lmina_rt;569,1151354
motility_lmina_rt;601,5525173
motility_lmina_rt;611,7196362
motility_lmina_rt;1518,029879
motility_lmina_rt;559,0726489
motility_lmina_rt;734,4342601
motility_lmina_rt;815,7754602
motility_lmina_rt;604,7838256
motility_lmina_rt;725,4869169
motility_lmina_rt;517,2524649
motility_lmina_rt;489,0231753
motility_lmina_rt;649,8841106
motility_lmina_rt;477,3730935
motility_lmina_rt;384,6197549
motility_lmina_rt;670,2281209
motility_lmina_rt;899,9553182
motility_lmina_rt;770,4472274
motility_lmina_rt;711,3807411
motility_lmina_rt;569,677872
motility_lmina_rt;740,5586924
motility_lmina_rt;1295,587827
motility_lmina_rt;505,4169659
motility_lmina_rt;572,4124025
motility_lmina_rt;615,92709
motility_lmina_rt;576,1536119
motility_lmina_rt;526,6847536
motility_lmina_rt;460,9796615
motility_lmina_rt;494,5603205
motility_lmina_rt;411,4767351
motility_lmina_rt;848,0813986
motility_lmina_rt;641,8013438
motility_lmina_rt;717,1836649
motility_lmina_rt;57,21531414
motility_lmina_rt;857,5135845
motility_lmina_rt;462,6421403
motility_lmina_rt;466,9461178
motility_lmina_rt;555,0988131
motility_lmina_rt;481,5441705
motility_lmina_rt;1021,665451
motility_lmina_rt;563,7832711
motility_lmina_rt;568,1044355
motility_lmina_rt;377,0330153
motility_lmina_rt;903,9509112
motility_lmina_rt;731,2805981
motility_lmina_rt;520,3266445
motility_lmina_rt;798,3599013
motility_lmina_rt;725,0897414
motility_lmina_rt;655,6528165
motility_lmina_rt;873,6376247
motility_lmina_rt;412,4978411
motility_lmina_rt;632,7063
motility_lmina_rt;500,7632199
motility_lmina_rt;689,5563581
motility_lmina_rt;484,6354979
motility_lmina_rt;635,5289447
motility_lmina_rt;486,2843363
motility_lmina_rt;832,5598062
motility_lmina_rt;675,7915183
motility_lmina_rt;592,6571984
motility_lmina_rt;908,6326183
motility_lmina_rt;665,3522708
motility_lmina_rt;918,8590717
motility_lmina_rt;857,1923168
motility_lmina_rt;534,8124641
motility_lmina_rt;715,232653
motility_lmina_rt;906,7369108
motility_lmina_rt;947,375424
motility_lmina_rt;1037,400252
motility_lmina_rt;786,2640495
motility_lmina_rt;927,1436129
motility_lmina_rt;833,861635
motility_lmina_rt;1104,152874
motility_lmina_rt;456,8976847
motility_lmina_rt;828,151819
motility_lmina_rt;505,5853649
motility_lmina_rt;738,3712726
motility_lmina_rt;457,7978599
motility_lmina_rt;577,6991595
motility_lmina_rt;813,8361289
motility_lmina_rt;1145,91707
motility_lmina_rt;386,7476832
motility_lmina_rt;992,4639582
motility_lmina_rt;887,5721041
motility_lmina_rt;574,452667
motility_lmina_rt;608,6600911
motility_lmina_rt;823,3914876
motility_lmina_rt;633,0456514
motility_lmina_rt;535,7786711
motility_lmina_rt;585,543911
motility_lmina_rt;586,7893548
motility_lmina_rt;843,7978684
motility_lmina_rt;887,5774732
motility_lmina_rt;373,5920208
motility_lmina_rt;690,103399
motility_lmina_rt;452,7640188
motility_lmina_rt;628,1348699
motility_lmina_rt;718,7151861
motility_lmina_rt;728,679397
motility_lmina_rt;666,7605534
motility_lmina_rt;1044,924283
motility_lmina_rt;393,6449308
motility_lmina_rt;896,295601
motility_lmina_rt;530,1057421
motility_lmina_rt;1151,119884
motility_lmina_rt;564,4617442
motility_lmina_rt;453,6516371
motility_lmina_rt;574,8310708
motility_lmina_rt;615,0169279
motility_lmina_rt;807,5999562
motility_lmina_rt;523,7496013
motility_lmina_rt;828,0434831
motility_lmina_rt;770,9775756
motility_lmina_rt;963,3977643
motility_lmina_rt;733,4674327
motility_lmina_rt;533,1916077
motility_lmina_rt;968,5842476
motility_lmina_rt;573,2998385
motility_lmina_rt;752,3250218
motility_lmina_rt;762,6449319
motility_lmina_rt;882,4118238
motility_lmina_rt;973,8174403
motility_lmina_rt;441,4988239
motility_lmina_rt;618,2983964
motility_lmina_rt;424,8623223
motility_lmina_rt;698,6862039
motility_lmina_rt;436,4457517
motility_lmina_rt;405,6970948
motility_lmina_rt;657,7925145
motility_lmina_rt;483,9884304
motility_lmina_rt;777,4232321
motility_lmina_rt;945,0073517
motility_lmina_rt;447,084621
motility_lmina_rt;628,6621155
motility_lmina_rt;778,2627055
motility_lmina_rt;1042,295587
motility_lmina_rt;561,2929871
motility_lmina_rt;618,1929494
motility_lmina_rt;366,4946466
motility_lmina_rt;957,4752548
motility_lmina_rt;459,2008617
motility_lmina_rt;988,0550087
motility_lmina_rt;1160,112355
motility_lmina_rt;853,0631902
motility_lmina_rt;867,2502564
motility_lmina_rt;844,273
motility_lmina_rt;444,030539
motility_lmina_rt;837,39851
motility_lmina_rt;427,5758748
motility_lmina_rt;1198,308073
motility_lmina_rt;861,8451627
motility_lmina_rt;835,5030606
motility_lmina_rt;947,4519052
motility_lmina_rt;1017,043949
motility_lmina_rt;561,7557667
motility_lmina_rt;620,5476725
motility_lmina_rt;962,8196705
motility_lmina_rt;567,8797181
motility_lmina_rt;658,7472637
motility_lmina_rt;408,0645907
motility_lmina_rt;758,8218529
motility_lmina_rt;840,9539881
motility_lmina_rt;663,6921402
motility_lmina_rt;401,537191
motility_lmina_rt;471,6635947
motility_lmina_rt;785,6162894
motility_lmina_rt;631,1700709
motility_lmina_rt;807,1117177
motility_lmina_rt;591,0540863
motility_lmina_rt;705,7749815
motility_lmina_rt;1071,842114
motility_lmina_rt;607,5236595
motility_lmina_rt;691,1038136
motility_lmina_rt;822,7974681
motility_lmina_rt;446,0859642
motility_lmina_rt;534,7057195
motility_lmina_rt;592,3129351
motility_lmina_rt;857,6009823
motility_lmina_rt;843,8908687
motility_lmina_rt;714,5940256
motility_lmina_rt;779,2582411
motility_lmina_rt;593,0873229
motility_lmina_rt;994,9448104
motility_lmina_rt;843,5283189
motility_lmina_rt;558,9993455
motility_lmina_rt;540,2510504
motility_lmina_rt;480,3079683
motility_lmina_rt;571,8529883
motility_lmina_rt;621,372992
motility_lmina_rt;1020,839542
motility_lmina_rt;575,1873549
motility_lmina_rt;412,153515
motility_lmina_rt;534,3907296
motility_lmina_rt;514,2012807
motility_lmina_rt;815,2695213
motility_lmina_rt;1211,596736
motility_lmina_rt;387,1126435
motility_lmina_rt;554,2223454
motility_lmina_rt;516,4710803
motility_lmina_rt;731,3430845
motility_lmina_rt;604,3631986
motility_lmina_rt;427,3991049
motility_lmina_rt;536,7571548
motility_lmina_rt;926,7170718
motility_lmina_rt;648,8213997
motility_lmina_rt;668,225905
motility_lmina_rt;456,9582427
motility_lmina_rt;649,5199097
motility_lmina_rt;699,8937983
motility_lmina_rt;756,1470862
motility_lmina_rt;759,9243895
motility_lmina_rt;698,0159722
motility_lmina_rt;547,2429936
motility_lmina_rt;769,0219944
motility_lmina_rt;813,3515139
motility_lmina_rt;753,9574346
motility_lmina_rt;507,2602348
motility_lmina_rt;485,1330371
motility_lmina_rt;921,4220278
motility_lmina_rt;611,4702741
motility_lmina_rt;988,6133293
motility_lmina_rt;544,2311513
motility_lmina_rt;630,2999442
motility_lmina_rt;482,9464359
motility_lmina_rt;614,1936518
motility_lmina_rt;708,6666496
motility_lmina_rt;932,0075494
motility_lmina_rt;642,5527673
motility_lmina_rt;421,8458639
motility_lmina_rt;477,0338557
motility_lmina_rt;523,7373999
motility_lmina_rt;680,9100823
motility_lmina_rt;996,3213717
motility_lmina_rt;842,2581481
motility_lmina_rt;722,4309994
motility_lmina_rt;692,6794978
motility_lmina_rt;497,8718979
motility_lmina_rt;1070,931328
motility_lmina_rt;599,5683961
motility_lmina_rt;646,1731348
motility_lmina_rt;576,8880284
motility_lmina_rt;368,6349636
motility_lmina_rt;944,7551446
motility_lmina_rt;768,1882196
motility_lmina_rt;870,9644911
motility_lmina_rt;639,2995539
motility_lmina_rt;644,5228414
motility_lmina_rt;525,0611265
motility_lmina_rt;474,0192957
motility_lmina_rt;488,4048647
motility_lmina_rt;936,7808234
motility_lmina_rt;456,2259641
motility_lmina_rt;433,6001304
motility_lmina_rt;643,0653031
motility_lmina_rt;517,5152508
motility_lmina_rt;782,1523381
motility_lmina_rt;760,3176461
motility_lmina_rt;579,8072443
motility_lmina_rt;782,6916404
motility_lmina_rt;410,720542
motility_lmina_rt;380,2779209
motility_lmina_rt;595,8895169
motility_lmina_rt;831,2133609
motility_lmina_rt;637,7305896
motility_lmina_rt;1148,719757
motility_lmina_rt;553,0426854
motility_lmina_rt;558,4913457
motility_lmina_rt;1113,478031
motility_lmina_rt;405,9742976
motility_lmina_rt;583,8492439
motility_lmina_rt;510,7394491
motility_lmina_rt;689,5728611
motility_lmina_rt;737,546848
motility_lmina_rt;1087,339744
motility_lmina_rt;469,3217532
motility_lmina_rt;678,2288018
motility_lmina_rt;654,8239471
motility_lmina_rt;632,4060598
motility_lmina_rt;507,7506368
motility_lmina_rt;409,8042264
motility_lmina_rt;819,4344741
motility_lmina_rt;866,5035267
motility_lmina_rt;404,5652546
motility_lmina_rt;504,5670376
motility_lmina_rt;793,2693353
motility_lmina_rt;738,511883
motility_lmina_rt;532,5511039
motility_lmina_rt;1002,399643
motility_lmina_rt;708,7357148
motility_lmina_rt;730,9971818
motility_lmina_rt;877,0927783
motility_lmina_rt;623,9467733
motility_lmina_rt;485,6291579
motility_lmina_rt;497,0380171
motility_lmina_rt;735,4011855
motility_lmina_rt;650,2909036
motility_lmina_rt;712,2656416
motility_lmina_rt;735,8682668
motility_lmina_rt;710,9826521
motility_lmina_rt;814,8459989
motility_lmina_rt;945,4895979
motility_lmina_rt;595,0593256
motility_lmina_rt;636,5675353
motility_lmina_rt;774,71085
motility_lmina_rt;481,9721828
motility_lmina_rt;800,2583328
motility_lmina_rt;455,5031762
motility_lmina_rt;607,4956748
motility_lmina_rt;669,170907
motility_lmina_rt;620,6209064
motility_lmina_rt;592,3542334
motility_lmina_rt;981,4444462
motility_lmina_rt;511,224578
motility_lmina_rt;526,0333488
motility_lmina_rt;916,2211436
motility_lmina_rt;443,0497637
motility_lmina_rt;676,6374818
motility_lmina_rt;385,2971344
motility_lmina_rt;584,6500227
motility_lmina_rt;886,2658873
motility_lmina_rt;452,3562762
motility_lmina_rt;537,7696445
motility_lmina_rt;779,2791064
motility_lmina_rt;516,7535591
motility_lmina_rt;480,957583
motility_lmina_rt;1042,672884
motility_lmina_rt;810,7776146
motility_lmina_rt;477,1600386
motility_lmina_rt;818,3548898
motility_lmina_rt;796,7343782
motility_lmina_rt;507,0437522
motility_lmina_rt;517,8568784
motility_lmina_rt;798,6914969
motility_lmina_rt;437,511766
motility_lmina_rt;431,8763603
motility_lmina_rt;540,037213
motility_lmina_rt;478,2448453
motility_lmina_rt;673,2321845
motility_lmina_rt;435,2663305
motility_lmina_rt;608,8330855
motility_lmina_rt;737,9055779
motility_lmina_rt;697,2459713
motility_lmina_rt;838,3968886
motility_lmina_rt;621,547161
motility_lmina_rt;858,7497931
motility_lmina_rt;696,5060033
motility_lmina_rt;502,5901919
motility_lmina_rt;696,8579617
motility_lmina_rt;588,7633978
motility_lmina_rt;642,0675565
motility_lmina_rt;809,6940597
motility_lmina_rt;1166,677994
motility_lmina_rt;690,2488764
motility_lmina_rt;482,0531517
motility_lmina_rt;770,4256331
motility_lmina_rt;566,468637
motility_lmina_rt;630,7822345
motility_lmina_rt;941,8072364
motility_lmina_rt;528,8235342
motility_lmina_rt;1018,547537
motility_lmina_rt;983,7686567
motility_lmina_rt;729,9797923
motility_lmina_rt;664,4951647
motility_lmina_rt;766,0791714
motility_lmina_rt;948,84311
motility_lmina_rt;886,253495
motility_lmina_rt;622,0254378
motility_lmina_rt;505,8257773
motility_lmina_rt;416,6595628
motility_lmina_rt;442,0736099
motility_lmina_rt;926,7622127
motility_lmina_rt;424,3212075
motility_lmina_rt;791,0050341
motility_lmina_rt;580,0923311
motility_lmina_rt;718,2620669
motility_lmina_rt;563,0433419
motility_lmina_rt;380,2230986
motility_lmina_rt;633,9217235
motility_lmina_rt;479,6245095
motility_lmina_rt;741,4756558
motility_lmina_rt;441,0343153
motility_lmina_rt;987,1150963
motility_lmina_rt;580,1762722
motility_lmina_rt;766,3083425
motility_lmina_rt;719,6410806
motility_lmina_rt;532,4717095
motility_lmina_rt;701,7996154
motility_lmina_rt;610,3247903
motility_lmina_rt;846,2011548
motility_lmina_rt;687,1916996
motility_lmina_rt;750,3787251
motility_lmina_rt;707,1667385
motility_lmina_rt;753,654115
motility_lmina_rt;484,5076163
motility_lmina_rt;869,9273223
motility_lmina_rt;936,8887082
motility_lmina_rt;434,032224
motility_lmina_rt;1030,947274
motility_lmina_rt;792,733272
motility_lmina_rt;1090,818497
motility_lmina_rt;552,5675911
motility_lmina_rt;492,8561854
motility_lmina_rt;500,9790349
motility_lmina_rt;429,7783344
motility_lmina_rt;784,5780023
motility_lmina_rt;585,8855517
motility_lmina_rt;608,1350454
motility_lmina_rt;546,6809498
motility_lmina_rt;588,0834832
motility_lmina_rt;880,6863016
motility_lmina_rt;538,8890306
motility_lmina_rt;665,2302344
motility_lmina_rt;695,4487854
motility_lmina_rt;717,0364224
motility_lmina_rt;600,5914515
motility_lmina_rt;525,0785045
motility_lmina_rt;705,6890734
motility_lmina_rt;1036,240642
motility_lmina_rt;805,4193622
motility_lmina_rt;716,0611833
motility_lmina_rt;721,3886296
motility_lmina_rt;587,9409781
motility_lmina_rt;705,0138829
motility_lmina_rt;807,5842636
motility_lmina_rt;463,9559554
motility_lmina_rt;488,5502366
motility_lmina_rt;802,557508
motility_lmina_rt;526,1227193
motility_lmina_rt;979,337132
motility_lmina_rt;954,4676817
motility_lmina_rt;885,1726449
motility_lmina_rt;488,2797167
motility_lmina_rt;981,232142
motility_lmina_rt;578,2481825
motility_lmina_rt;743,0288652
motility_lmina_rt;543,2959926
motility_lmina_rt;401,9598778
motility_lmina_rt;841,5842701
motility_lmina_rt;829,8999195
motility_lmina_rt;517,0397708
motility_lmina_rt;753,517299
motility_lmina_rt;584,0779676
motility_lmina_rt;400,5286727
motility_lmina_rt;385,4322623
motility_lmina_rt;372,1952081
motility_lmina_rt;676,7218864
motility_lmina_rt;563,9395976
motility_lmina_rt;635,1080841
motility_lmina_rt;914,2587864
motility_lmina_rt;613,5975249
motility_lmina_rt;874,0984966
motility_lmina_rt;505,9733914
motility_lmina_rt;520,1903814
motility_lmina_rt;653,6578986
motility_lmina_rt;585,9434063
motility_lmina_rt;977,3946356
motility_lmina_rt;631,6430565
motility_lmina_rt;542,4866629
motility_lmina_rt;906,6212154
motility_lmina_rt;925,6788135
motility_lmina_rt;807,6831991
motility_lmina_rt;794,8628525
motility_lmina_rt;631,79455
motility_lmina_rt;658,2724716
motility_lmina_rt;941,4618366
motility_lmina_rt;520,3100215
motility_lmina_rt;1076,16556
motility_lmina_rt;930,2354148
motility_lmina_rt;575,9870013
motility_lmina_rt;919,1504076
motility_lmina_rt;1115,312012
motility_lmina_rt;960,4039692
motility_lmina_rt;614,9867514
motility_lmina_rt;847,5732198
motility_lmina_rt;995,2743567
motility_lmina_rt;666,8421253
motility_lmina_rt;622,5315993
motility_lmina_rt;738,0600813
motility_lmina_rt;830,4451359
motility_lmina_rt;554,5169126
motility_lmina_rt;1069,955276
motility_lmina_rt;1089,753952
motility_lmina_rt;770,8168739
motility_lmina_rt;814,4843644
motility_lmina_rt;854,5960674
motility_lmina_rt;798,6556833
motility_lmina_rt;680,9868732
motility_lmina_rt;491,3816718
motility_lmina_rt;810,0608753
motility_lmina_rt;516,421578
motility_lmina_rt;992,3571831
motility_lmina_rt;821,5368789
motility_lmina_rt;994,0740636
motility_lmina_rt;895,352308
motility_lmina_rt;588,8342484
motility_lmina_rt;449,1463281
motility_lmina_rt;791,1789401
motility_lmina_rt;938,5775214
motility_lmina_rt;650,8470666
motility_lmina_rt;661,5446652
motility_lmina_rt;783,3721742
motility_lmina_rt;892,3629499
motility_lmina_rt;1029,447971
motility_lmina_rt;627,4966745
motility_lmina_rt;739,5067753
motility_lmina_rt;886,2603683
motility_lmina_rt;703,8581442
motility_lmina_rt;771,0114884
motility_lmina_rt;666,9205766
motility_lmina_rt;1039,182643
motility_lmina_rt;533,2063619
motility_lmina_rt;398,8621696
motility_lmina_rt;412,5942857
motility_lmina_rt;953,6789439
motility_lmina_rt;799,7418379
motility_lmina_rt;687,4931852
motility_lmina_rt;584,7983936
motility_lmina_rt;717,9217475
motility_lmina_rt;427,427199
motility_lmina_rt;573,6914626
motility_lmina_rt;514,5529253
motility_lmina_rt;496,7519221
motility_lmina_rt;417,8787757
motility_lmina_rt;389,7609203
motility_lmina_rt;593,134728
motility_lmina_rt;605,9164663
motility_lmina_rt;884,6800472
motility_lmina_rt;990,6970324
motility_lmina_rt;489,7090553
motility_lmina_rt;521,6514239
motility_lmina_rt;751,2599939
motility_lmina_rt;1194,272571
motility_lmina_rt;773,0844836
motility_lmina_rt;1174,11654
motility_lmina_rt;624,6856067
motility_lmina_rt;1072,29394
motility_lmina_rt;699,2882089
motility_lmina_rt;869,2447018
motility_lmina_rt;600,0776484
motility_lmina_rt;949,8599859
motility_lmina_rt;404,3569027
motility_lmina_rt;862,4147535
motility_lmina_rt;499,6170987
motility_lmina_rt;538,1932232
motility_lmina_rt;918,9740323
motility_lmina_rt;701,2763256
motility_lmina_rt;629,3840468
motility_lmina_rt;911,8656802
motility_lmina_rt;663,5457761
motility_lmina_rt;800,4867315
motility_lmina_rt;760,1706203
motility_lmina_rt;471,6279363
motility_lmina_rt;1004,96409
motility_lmina_rt;974,9271923
motility_lmina_rt;869,2995836